Year,Group,Element,QuesNum,QuesText,NegAns,PosAns
2014-15,Student,Supportive Environment,S1a,1a. How many of the students in your class(es) feel it is important to come to school every day?,"None, Some","A lot, All"
2014-15,Student,Supportive Environment,S1b,1b. How many of the students in your class(es) feel it is important to pay attention in class?,"None, Some","A lot, All"
2014-15,Student,Supportive Environment,S1c,1c. How many of the students in your class(es) think doing homework is important?,"None, Some","A lot, All"
2014-15,Student,Supportive Environment,S1d,1d. How many of the students in your class(es) try hard to get good grades?,"None, Some","A lot, All"
2014-15,Student,Rigorous Instruction,S2a,"2a. Think about the class that you attend first on Mondays. In that class, to what extent are you challenged?","Never, Rarely","Sometimes, Almost always"
2014-15,Student,Rigorous Instruction,S2b,"2b. Think about the class that you attend first on Mondays. In that class, to what extent do you have to work hard to do well?","Never, Rarely","Sometimes, Almost always"
2014-15,Student,Rigorous Instruction,S2c,"2c. Think about the class that you attend first on Mondays. In that class, to what extent do your teachers ask difficult questions on tests?","Never, Rarely","Sometimes, Almost always"
2014-15,Student,Rigorous Instruction,S2d,"2d. Think about the class that you attend first on Mondays. In that class, to what extent do your teachers ask difficult questions in class?  ","Never, Rarely","Sometimes, Almost always"
2014-15,Student,Supportive Environment,S3a,"3a. Think about the class that you attend first on Mondays. In that class, to what extent do students work quietly and calmly?","Never, Rarely","Sometimes, Almost always"
2014-15,Student,Supportive Environment,S3b,"3b. Think about the class that you attend first on Mondays. In that class, to what extent do students listen carefully when the teacher gives directions?","Never, Rarely","Sometimes, Almost always"
2014-15,Student,Supportive Environment,S3c,"3c. Think about the class that you attend first on Mondays. In that class, to what extent do students follow the rules in class?","Never, Rarely","Sometimes, Almost always"
2014-15,Student,Supportive Environment,S3d,"3d. Think about the class that you attend first on Mondays. In that class, to what extent do students pay attention when they are supposed to?","Never, Rarely","Sometimes, Almost always"
2014-15,Student,Supportive Environment,S3e,"3e. Think about the class that you attend first on Mondays. In that class, to what extent do students work when they are supposed to?","Never, Rarely","Sometimes, Almost always"
2014-15,Student,Supportive Environment,S3f,"3f. Think about the class that you attend first on Mondays. In that class, to what extent do students behave well even when the teacher isn't watching?","Never, Rarely","Sometimes, Almost always"
2014-15,Student,Rigorous Instruction,S4a,4a. Think about the class that you attend first on Mondays. How much do you agree with the following statements about that class? I learn a lot from feedback on my work.,"Strongly disagree, Disagree","Agree, Strongly agree"
2014-15,Student,Rigorous Instruction,S4b,4b. Think about the class that you attend first on Mondays. How much do you agree with the following statements about that class? It's clear what I need to do to get a good grade.   ,"Strongly disagree, Disagree","Agree, Strongly agree"
2014-15,Student,Rigorous Instruction,S4c,4c. Think about the class that you attend first on Mondays. How much do you agree with the following statements about that class? The work we do in class is good preparation for our class tests.  ,"Strongly disagree, Disagree","Agree, Strongly agree"
2014-15,Student,Rigorous Instruction,S4d,4d. Think about the class that you attend first on Mondays. How much do you agree with the following statements about that class? The homework assignments help me learn the course material.,"Strongly disagree, Disagree","Agree, Strongly agree"
2014-15,Student,Rigorous Instruction,S4e,4e. Think about the class that you attend first on Mondays. How much do you agree with the following statements about that class? I know what my teacher wants me to learn in class.,"Strongly disagree, Disagree","Agree, Strongly agree"
2014-15,Student,Rigorous Instruction,S5a,"5a.  How much do you agree with the following statements? In my classes, my teachers expect students to work hard. ","Strongly disagree, Disagree","Agree, Strongly agree"
2014-15,Student,Rigorous Instruction,S5b,"5b.  How much do you agree with the following statements? In my classes, my teachers expect me to do my best all the time.","Strongly disagree, Disagree","Agree, Strongly agree"
2014-15,Student,Rigorous Instruction,S5c,"5c.  How much do you agree with the following statements? In my classes, my teachers expect me to learn from my peers.","Strongly disagree, Disagree","Agree, Strongly agree"
2014-15,Student,Rigorous Instruction,S5d,"5d.  How much do you agree with the following statements? In my classes, my teachers want students to become better thinkers, not just memorize things.","Strongly disagree, Disagree","Agree, Strongly agree"
2014-15,Student,Supportive Environment,S6a,6a. How much do you agree with the following statements? I feel safe outside around this school.,"Strongly disagree, Disagree","Agree, Strongly agree"
2014-15,Student,Supportive Environment,S6b,6b. How much do you agree with the following statements? I feel safe traveling between home and this school.,"Strongly disagree, Disagree","Agree, Strongly agree"
2014-15,Student,Supportive Environment,S6c,"6c. How much do you agree with the following statements? I feel safe in the hallways, bathrooms, locker rooms, and cafeteria of this school.","Strongly disagree, Disagree","Agree, Strongly agree"
2014-15,Student,Supportive Environment,S6d,6d. How much do you agree with the following statements? I feel safe in my classes at this school.,"Strongly disagree, Disagree","Agree, Strongly agree"
2014-15,Student,Supportive Environment,S7a,7a. How much do you agree with the following statements? Students in this school get to know each other well in classes.,"Strongly disagree, Disagree","Agree, Strongly agree"
2014-15,Student,Supportive Environment,S7b,7b. How much do you agree with the following statements? Students in this school are very interested in getting to know other students.,"Strongly disagree, Disagree","Agree, Strongly agree"
2014-15,Student,Supportive Environment,S7c,7c. How much do you agree with the following statements? Students in this school enjoy doing things with each other during school activities.,"Strongly disagree, Disagree","Agree, Strongly agree"
2014-15,Student,Supportive Environment,S7d,7d. How much do you agree with the following statements? Students in this school get to know each other really well.,"Strongly disagree, Disagree","Agree, Strongly agree"
2014-15,Student,Supportive Environment,S7e,7e. How much do you agree with the following statements? Students in this school enjoy working together on projects in classes.,"Strongly disagree, Disagree","Agree, Strongly agree"
2014-15,Student,Supportive Environment,S8a,8a. How much do you agree with the following statements? The teachers at this school help me catch up if I am behind.,"Strongly disagree, Disagree","Agree, Strongly agree"
2014-15,Student,Supportive Environment,S8b,8b. How much do you agree with the following statements? The teachers at this school are willing to give extra help on schoolwork if I need it.,"Strongly disagree, Disagree","Agree, Strongly agree"
2014-15,Student,Supportive Environment,S8c,8c. How much do you agree with the following statements? The teachers at this school notice if I have trouble learning something.,"Strongly disagree, Disagree","Agree, Strongly agree"
2014-15,Student,Supportive Environment,S8d,8d. How much do you agree with the following statements? The teachers at this school give me specific suggestions about how I can improve my work in class.,"Strongly disagree, Disagree","Agree, Strongly agree"
2014-15,Student,Supportive Environment,S8e,8e. How much do you agree with the following statements? The teachers at this school compliment me if I do good work.,"Strongly disagree, Disagree","Agree, Strongly agree"
2014-15,Student,Supportive Environment,S8f,8f. How much do you agree with the following statements? The teachers at this school explain things a different way if I don't understand something in class.,"Strongly disagree, Disagree","Agree, Strongly agree"
2014-15,Student,Supportive Environment,S8g,8g. How much do you agree with the following statements? The teachers at this school notice when I am upset or having emotional difficulty.,"Strongly disagree, Disagree","Agree, Strongly agree"
2014-15,Student,Rigorous Instruction,S9a,9a. How much do you agree with the following statements? I'm learning a lot in my classes at this school. ,"Strongly disagree, Disagree","Agree, Strongly agree"
2014-15,Student,Trust,S9b,9b. How much do you agree with the following statements? I feel safe and comfortable with my teachers at this school.,"Strongly disagree, Disagree","Agree, Strongly agree"
2014-15,Student,Trust,S9c,9c. How much do you agree with the following statements? There is at least one adult in the school that I can confide in.,"Strongly disagree, Disagree","Agree, Strongly agree"
2014-15,Student,Trust,S9d,9d. How much do you agree with the following statements? My teachers will always listen to students' ideas.,"Strongly disagree, Disagree","Agree, Strongly agree"
2014-15,Student,Trust,S9e,9e. How much do you agree with the following statements? My teachers always keep their promises.,"Strongly disagree, Disagree","Agree, Strongly agree"
2014-15,Student,Trust,S9f,9f. How much do you agree with the following statements? My teachers treat me with respect.,"Strongly disagree, Disagree","Agree, Strongly agree"
2014-15,Student,Trust,S9g,"9g. How much do you agree with the following statements? When my teachers tell me not to do something, I know they have a good reason.","Strongly disagree, Disagree","Agree, Strongly agree"
2014-15,Student,Rigorous Instruction,S9h,9h. How much do you agree with the following statements? My classes at this school really make me think. ,"Strongly disagree, Disagree","Agree, Strongly agree"
2014-15,Student,Collaborative Teachers,S10a,10a. How much do you agree with the following statements?  My teachers incorporate students' cultures/ backgrounds into the curriculum to make learning more meaningful.,"Strongly disagree, Disagree","Agree, Strongly agree"
2014-15,Student,Collaborative Teachers,S10b,10b. How much do you agree with the following statements? I see people of many cultures/backgrounds represented in the curriculum.,"Strongly disagree, Disagree","Agree, Strongly agree"
2014-15,Student,Collaborative Teachers,S10c,10c. How much do you agree with the following statements? My teachers connect to students of different cultures/backgrounds.,"Strongly disagree, Disagree","Agree, Strongly agree"
2014-15,Student,Collaborative Teachers,S10d,10d. How much do you agree with the following statements? My teachers can communicate well with parents/guardians from different cultures/backgrounds.,"Strongly disagree, Disagree","Agree, Strongly agree"
2014-15,Student,Collaborative Teachers,S10e,10e. How much do you agree with the following statements? My teachers appreciate my culture/background.,"Strongly disagree, Disagree","Agree, Strongly agree"
2014-15,Student,Supportive Environment,S10f,"10f. How much do you agree with the following statements? This school offers a wide enough variety of programs, classes and activities to keep me interested in school.","Strongly disagree, Disagree","Agree, Strongly agree"
2014-15,Student,Supportive Environment,S10g,"10g. How much do you agree with the following statements? The programs, classes, and activities at this school encourage students to develop talent outside academics.  ","Strongly disagree, Disagree","Agree, Strongly agree"
2014-15,Student,Supportive Environment,S10h,10h. How much do you agree with the following statements? This school is kept clean.,"Strongly disagree, Disagree","Agree, Strongly agree"
2014-15,Student,Supportive Environment,S10i,10i. How much do you agree with the following statements? Most of the teaching staff at this school are teaching me the organizational skills and work habits (like note-taking and keeping track of assignments) that I need to succeed in school.         ,"Strongly disagree, Disagree","Agree, Strongly agree"
2014-15,Student,Supportive Environment,S10j,10j. How much do you agree with the following statements? Most students at this school treat each other with respect.,"Strongly disagree, Disagree","Agree, Strongly agree"
2014-15,Student,Supportive Environment,S10k,"10k. How much do you agree with the following statements? At this school students with disabilities are included in all school activities (lunch, class trips, etc.).    ","Strongly disagree, Disagree","Agree, Strongly agree"
2014-15,Student,Supportive Environment,S11a,11a. How much do you agree with the following statements? At this school students harass or bully other students.,"Most of the time, All of the time","None of the time, Some of the time"
2014-15,Student,Supportive Environment,S11b,"11b. How much do you agree with the following statements? At this school students harass or bully each other based on differences (such as race, color, ethnicity, national origin, citizenship/immigration status, religion, gender, gender identity, gender expression, sexual orientation, disability or weight).","Most of the time, All of the time","None of the time, Some of the time"
2014-15,Student,Supportive Environment,S11c,11c. How much do you agree with the following statements? At this school students get into physical fights.,"Most of the time, All of the time","None of the time, Some of the time"
2014-15,Student,Supportive Environment,S11d,"11d. How much do you agree with the following statements? At this school students drink alcohol, use illegal drugs, or abuse prescription drugs while at school.        ","Most of the time, All of the time","None of the time, Some of the time"
2014-15,Student,Supportive Environment,S11e,11e. How much do you agree with the following statements? At this school there is gang activity.,"Most of the time, All of the time","None of the time, Some of the time"
2014-15,Student,Supportive Environment,S12a,"12a. If you are a student in grades 9-12, ANSWER this question. Adults at this school help students aspiring to enter the workforce, develop a plan to reach their future employment goals.","Strongly disagree, Disagree","Agree, Strongly agree"
2014-15,Student,Supportive Environment,S12b,"12b. If you are a student in grades 9-12, ANSWER this question. Adults at this school provide students with information about the college enrollment process.","Strongly disagree, Disagree","Agree, Strongly agree"
2014-15,Student,Supportive Environment,S12c,"12c. If you are a student in grades 9-12, ANSWER this question. Adults at this school help keep me on track for college or career.","Strongly disagree, Disagree","Agree, Strongly agree"
2014-15,Student,Supportive Environment,S12d,"12d. If you are a student in grades 9-12, ANSWER this question. Adults at this school support students in navigating the post-secondary process.","Strongly disagree, Disagree","Agree, Strongly agree"
2014-15,Student,Supportive Environment,S12e,"12e. If you are a student in grades 9-12, ANSWER this question. This school programs students with appropriate courses to achieve their postsecondary goals.","Strongly disagree, Disagree","Agree, Strongly agree"
2014-15,Student,Supportive Environment,S12f,"12f. If you are a student in grades 9-12, ANSWER this question. There is an adult who is helping me plan for my next steps after graduation (career planning, college selection and application process, financial aid process, etc.).                       ","Strongly disagree, Disagree","Agree, Strongly agree"
2014-15,Student,Supportive Environment,S13a,"13a. If you are a student in grades 6-8, ANSWER this question. If you are a student in grades 9-12, SKIP this question. This school provides useful information to students about the application/enrollment process to high school.                         ","Strongly disagree, Disagree","Agree, Strongly agree"
2014-15,Student,Supportive Environment,S13b,"13b. If you are a student in grades 6-8, ANSWER this question. If you are a student in grades 9-12, SKIP this question. This school provides guidance for the application process for high school.                     ","Strongly disagree, Disagree","Agree, Strongly agree"
2014-15,Student,Supportive Environment,S13c,"13c. If you are a student in grades 6-8, ANSWER this question. If you are a student in grades 9-12, SKIP this question. This school educates families about the application/enrollment process for high school.                    ","Strongly disagree, Disagree","Agree, Strongly agree"
2014-15,Parent,Strong Family-Community Ties,P1a,"1a. Since the beginning of the school year, how often have you had an in-person parent-teacher meeting?",Never,"Once, Once a month, A few times a month, Weekly, Almost every day"
2014-15,Parent,Strong Family-Community Ties,P1b,"1b. Since the beginning of the school year, how often have you volunteered time to support this school (for example, volunteered in classrooms, helped with school-wide events, etc.)?",Never,"Once, Once a month, A few times a month, Weekly, Almost every day"
2014-15,Parent,Strong Family-Community Ties,P1c,"1c. Since the beginning of the school year, how often have you communicated with your child's teacher about your child's performance?","Never, Once","Once a month, A few times a month, Weekly, Almost every day"
2014-15,Parent,Strong Family-Community Ties,P1d,"1d. Since the beginning of the school year, how often have you seen your child's homework, tests or quizzes?","Never, Once, Once a month","A few times a month, Weekly, Almost every day"
2014-15,Parent,Effective School Leadership,P2a,2a. The principal at this school is strongly committed to shared decision making.,"Strongly disagree, Disagree, Somewhat disagree","Somewhat agree, Agree, Strongly agree"
2014-15,Parent,Effective School Leadership,P2b,2b. The principal at this school works to create a sense of community in the school.,"Strongly disagree, Disagree, Somewhat disagree","Somewhat agree, Agree, Strongly agree"
2014-15,Parent,Effective School Leadership,P2c,2c. The principal at this school promotes family and community involvement in the school.,"Strongly disagree, Disagree, Somewhat disagree","Somewhat agree, Agree, Strongly agree"
2014-15,Parent,Trust,P3a,3a. I feel good about the way my child's teachers support him or her.,"Strongly disagree, Disagree, Somewhat disagree","Somewhat agree, Agree, Strongly agree"
2014-15,Parent,Trust,P3b,3b. My child's teachers do their best to help my child learn.,"Strongly disagree, Disagree, Somewhat disagree","Somewhat agree, Agree, Strongly agree"
2014-15,Parent,Trust,P3c,3c. I feel respected by my child's teachers.,"Strongly disagree, Disagree, Somewhat disagree","Somewhat agree, Agree, Strongly agree"
2014-15,Parent,Collaborative Teachers,P3d,3d. My child's teacher appreciates our culture/background.,"Strongly disagree, Disagree, Somewhat disagree","Somewhat agree, Agree, Strongly agree"
2014-15,Parent,Strong Family-Community Ties,P4a,4a. School staff regularly communicate with parents/guardians about how staff can help students learn.,"Strongly disagree, Disagree, Somewhat disagree","Somewhat agree, Agree, Strongly agree"
2014-15,Parent,Trust,P4b,4b. Staff at this school work hard to build trusting relationships with parents/guardians like me.,"Strongly disagree, Disagree, Somewhat disagree","Somewhat agree, Agree, Strongly agree"
2014-15,Parent,Strong Family-Community Ties,P4c,4c. School staff tell families what the staff needs to advance the school's mission.,"Strongly disagree, Disagree, Somewhat disagree","Somewhat agree, Agree, Strongly agree"
2014-15,Parent,Strong Family-Community Ties,P4d,4d. Parents/guardians are invited to visit classrooms to observe instruction.,"Strongly disagree, Disagree, Somewhat disagree","Somewhat agree, Agree, Strongly agree"
2014-15,Parent,Strong Family-Community Ties,P4e,4e. Parents/guardians are greeted warmly when they call or visit the school.,"Strongly disagree, Disagree, Somewhat disagree","Somewhat agree, Agree, Strongly agree"
2014-15,Parent,Trust,P4f,4f. Teachers and parents/guardians think of each other as partners in educating children.,"Strongly disagree, Disagree, Somewhat disagree","Somewhat agree, Agree, Strongly agree"
2014-15,Parent,Strong Family-Community Ties,P4g,4g. Teachers work closely with families to meet students' need.,"Strongly disagree, Disagree, Somewhat disagree","Somewhat agree, Agree, Strongly agree"
2014-15,Parent,Strong Family-Community Ties,P4h,4h. Teachers communicate regularly with parents/guardians.,"Strongly disagree, Disagree, Somewhat disagree","Somewhat agree, Agree, Strongly agree"
2014-15,Parent,Strong Family-Community Ties,P4i,4i. School staff encourage feedback from parents/guardians and the community.,"Strongly disagree, Disagree, Somewhat disagree","Somewhat agree, Agree, Strongly agree"
2014-15,Parent,Strong Family-Community Ties,P4j,4j. Teachers try to understand families' problems and concerns.,"Strongly disagree, Disagree, Somewhat disagree","Somewhat agree, Agree, Strongly agree"
2014-15,Parent,Collaborative Teachers,P4k,4k. My child's teachers can communicate well with parents/guardians from different cultures/backgrounds. ,"Strongly disagree, Disagree, Somewhat disagree","Somewhat agree, Agree, Strongly agree"
2014-15,Parent,Collaborative Teachers,P4l,4l. My child's teachers incorporate students' cultures/backgrounds into the curriculum to make learning more meaningful.,"Strongly disagree, Disagree, Somewhat disagree","Somewhat agree, Agree, Strongly agree"
2014-15,Parent,Collaborative Teachers,P4m,4m. My child sees people of many cultures/backgrounds represented in the curriculum.,"Strongly disagree, Disagree, Somewhat disagree","Somewhat agree, Agree, Strongly agree"
2014-15,Parent,Collaborative Teachers,P4n,4n. My child's teachers connect to students of different cultures/backgrounds.,"Strongly disagree, Disagree, Somewhat disagree","Somewhat agree, Agree, Strongly agree"
2014-15,Parent,Supportive Environment,P5a,"5a. This school offers a wide enough variety of courses, extracurricular activities and  services to keep my child interested in school.        ","Strongly disagree, Disagree, Somewhat disagree","Somewhat agree, Agree, Strongly agree"
2014-15,Parent,Trust,P5b,5b. I feel respected by my child's principal.,"Strongly disagree, Disagree, Somewhat disagree","Somewhat agree, Agree, Strongly agree"
2014-15,Parent,Trust,P5c,5c. I trust the principal at his or her word.,"Strongly disagree, Disagree, Somewhat disagree","Somewhat agree, Agree, Strongly agree"
2014-15,Parent,Trust,P5d,5d. The principal is an effective manager who makes the school run smoothly.,"Strongly disagree, Disagree, Somewhat disagree","Somewhat agree, Agree, Strongly agree"
2014-15,Parent,Trust,P5e,5e. The principal at this school works hard to build trusting relationships with parents/guardians like me.  ,"Strongly disagree, Disagree, Somewhat disagree","Somewhat agree, Agree, Strongly agree"
2014-15,Parent,Trust,P5f,5f. My child's school will make me aware if there are any emotional or psychological issues affecting his/her academic performance.      ,"Strongly disagree, Disagree, Somewhat disagree","Somewhat agree, Agree, Strongly agree"
2014-15,Parent,Supportive Environment,P5g,5g. At this school my child is safe.,"Strongly disagree, Disagree, Somewhat disagree","Somewhat agree, Agree, Strongly agree"
2014-15,Parent,Supportive Environment,P5h,5h. This school is kept clean.,"Strongly disagree, Disagree, Somewhat disagree","Somewhat agree, Agree, Strongly agree"
2014-15,Parent,Effective School Leadership,P6a,6a. The School Leadership Team (SLT) at this school meets at least once per month.,"Strongly disagree, Disagree, Somewhat disagree","Somewhat agree, Agree, Strongly agree"
2014-15,Parent,Effective School Leadership,P6b,6b. The School Leadership Team (SLT) at this school makes decisions that affect the whole school.,"Strongly disagree, Disagree, Somewhat disagree","Somewhat agree, Agree, Strongly agree"
2014-15,Parent,Effective School Leadership,P6c,6c. The School Leadership Team (SLT) at this school provides resources to support the SLT's priorities.,"Strongly disagree, Disagree, Somewhat disagree","Somewhat agree, Agree, Strongly agree"
2014-15,Parent,Effective School Leadership,P6d,6d. The School Leadership Team (SLT) at this school assesses how the school's educational programs affect student achievement.,"Strongly disagree, Disagree, Somewhat disagree","Somewhat agree, Agree, Strongly agree"
2014-15,Parent,Effective School Leadership,P6e,6e. The School Leadership Team (SLT) at this school writes a high-quality Comprehensive Education Plan (CEP) for this school. ,"Strongly disagree, Disagree, Somewhat disagree","Somewhat agree, Agree, Strongly agree"
2014-15,Parent,Supportive Environment,P7a,7a. How many of the students in your child's class(es) feel it is important to come to school every day?,"None, Some, About half","Most, Nearly all, All"
2014-15,Parent,Supportive Environment,P7b,7b. How many of the students in your child's class(es) feel it is important to pay attention in class?,"None, Some, About half","Most, Nearly all, All"
2014-15,Parent,Supportive Environment,P7c,7c. How many of the students in your child's class(es) think doing homework is important?,"None, Some, About half","Most, Nearly all, All"
2014-15,Parent,Supportive Environment,P7d,7d. How many of the students in your child's class(es) try hard to get good grades?,"None, Some, About half","Most, Nearly all, All"
2014-15,Parent,Strong Family-Community Ties,P8a,8a. How satisfied are you with the following? The response I get when I contact this school.,"Very dissatisfied, Mostly dissatisfied, Somewhat dissatisfied","Somewhat satisfied, Mostly satisfied, Very satisfied"
2014-15,Parent,Rigorous Instruction,P8b,8b. How satisfied are you with the following? The education my child has received this year.,"Very dissatisfied, Mostly dissatisfied, Somewhat dissatisfied","Somewhat satisfied, Mostly satisfied, Very satisfied"
2014-15,Parent,Rigorous Instruction,P8c,8c. How satisfied are you with the following? The overall quality of my child's teachers this year.,"Very dissatisfied, Mostly dissatisfied, Somewhat dissatisfied","Somewhat satisfied, Mostly satisfied, Very satisfied"
2014-15,Parent,Supportive Environment,P9a,"9a. If you are a parent with a child in grades 9-12 ANSWER this question. This school helps keep my child on track for college, career, and success in life after high school.","Strongly disagree, Disagree, Somewhat disagree","Somewhat agree, Agree, Strongly agree"
2014-15,Parent,Supportive Environment,P9b,"9b. If you are a parent with a child in grades 9-12 ANSWER this question. This school communicates to me and my child what we need to do to prepare my child for college, career, and success in life after high school.    ","Strongly disagree, Disagree, Somewhat disagree","Somewhat agree, Agree, Strongly agree"
2014-15,Parent,Supportive Environment,P10a,10a. If you are a parent with a child with an Individual Education Program (IEP) ANSWER this question. I am satisfied with the educational planning and Individual Education Program (IEP) development process at this school.                ,"Strongly disagree, Disagree, Somewhat disagree","Somewhat agree, Agree, Strongly agree"
2014-15,Parent,Supportive Environment,P10b,10b. If you are a parent with a child with an Individual Education Program (IEP) ANSWER this question. This school works to achieve the goals on my child's Individual Education Program (IEP).,"Strongly disagree, Disagree, Somewhat disagree","Somewhat agree, Agree, Strongly agree"
2014-15,Parent,Supportive Environment,P10c,10c. If you are a parent with a child with an Individual Education Program (IEP) ANSWER this question. This school offers a wide enough variety of activities and services (including related services and assistive and adaptive technologies where appropriate) to help improve life outcomes for my child.    ,"Strongly disagree, Disagree, Somewhat disagree","Somewhat agree, Agree, Strongly agree"
2014-15,Teacher,Effective School Leadership,T1a,1a. How much influence do teachers have over school policy in each of the areas below? Hiring new professional personnel.,"No influence, Very little, Little","Some, A moderate amount, A great deal of influence "
2014-15,Teacher,Effective School Leadership,T1b,1b. How much influence do teachers have over school policy in each of the areas below? Planning how discretionary school funds should be used. ,"No influence, Very little, Little","Some, A moderate amount, A great deal of influence "
2014-15,Teacher,Effective School Leadership,T1c,1c. How much influence do teachers have over school policy in each of the areas below? Selecting instructional materials used in classrooms. ,"No influence, Very little, Little","Some, A moderate amount, A great deal of influence "
2014-15,Teacher,Effective School Leadership,T1d,1d. How much influence do teachers have over school policy in each of the areas below? Developing instructional materials. ,"No influence, Very little, Little","Some, A moderate amount, A great deal of influence "
2014-15,Teacher,Effective School Leadership,T1e,1e. How much influence do teachers have over school policy in each of the areas below? Setting standards for student behavior.  ,"No influence, Very little, Little","Some, A moderate amount, A great deal of influence "
2014-15,Teacher,Collaborative Teachers,T2a,2a. How many teachers at this school (not just in your practice) help maintain discipline in the entire school?,"None, A few, Some","Most, Nearly all, All"
2014-15,Teacher,Collaborative Teachers,T2b,2b. How many teachers at this school (not just in your practice) are really trying to improve their teaching?,"None, A few, Some","Most, Nearly all, All"
2014-15,Teacher,Collaborative Teachers,T2c,2c. How many teachers at this school (not just in your practice) take responsibility for improving the school?,"None, A few, Some","Most, Nearly all, All"
2014-15,Teacher,Collaborative Teachers,T2d,2d. How many teachers at this school (not just in your practice) feel responsible for helping students develop self-management?,"None, A few, Some","Most, Nearly all, All"
2014-15,Teacher,Collaborative Teachers,T2e,2e. How many teachers at this school (not just in your practice) are willing to take risks to make the school better?,"None, A few, Some","Most, Nearly all, All"
2014-15,Teacher,Collaborative Teachers,T2f,2f. How many teachers at this school (not just in your practice) are eager to try new ideas?,"None, A few, Some","Most, Nearly all, All"
2014-15,Teacher,Collaborative Teachers,T2g,2g. How many teachers at this school (not just in your practice) feel responsible that all students learn?,"None, A few, Some","Most, Nearly all, All"
2014-15,Teacher,Rigorous Instruction,T4a,"4a. For general/self-contained/literacy/science/social studies: During your last instructional unit, how often were you able to build students’ knowledge through content-rich non-fiction.","Never, Once, Once a month","Weekly, A few times a week, Almost every day"
2014-15,Teacher,Rigorous Instruction,T4b,"4b. For general/self-contained/literacy/science/social studies: During your last instructional unit, how often were you able to provide students reading and writing experiences grounded in evidence from text, both literary and informational. ","Never, Once, Once a month","Weekly, A few times a week, Almost every day"
2014-15,Teacher,Rigorous Instruction,T4c,"4c. For general/self-contained/literacy/science/social studies: During your last instructional unit, how often were you able to provide students with opportunities to interact with complex/grade-level text.","Never, Once, Once a month","Weekly, A few times a week, Almost every day"
2014-15,Teacher,Rigorous Instruction,T4d,"4d. For general/self-contained/literacy/science/social studies: During your last instructional unit, how often were you able to provide students with opportunities to interact with academic language.","Never, Once, Once a month","Weekly, A few times a week, Almost every day"
2014-15,Teacher,Rigorous Instruction,T5a,"5a. For general/self-contained/math/science: During your last instructional unit, how often were you able to focus deeply on the concepts emphasized in the standards.","Never, Once, Once a month","Weekly, A few times a week, Almost every day"
2014-15,Teacher,Rigorous Instruction,T5b,"5b. For general/self-contained/math/science: During your last instructional unit, how often were you able to create coherent progressions within the standards from previous grades to current grade so student knowledge/skills build on previous learning.","Never, Once, Once a month","Weekly, A few times a week, Almost every day"
2014-15,Teacher,Rigorous Instruction,T5c,"5c. For general/self-contained/math/science: During your last instructional unit, how often were you able to create coherent progressions within the standards from current grade to next grades to prepare students for math concepts taught in later years.","Never, Once, Once a month","Weekly, A few times a week, Almost every day"
2014-15,Teacher,Rigorous Instruction,T5d,"5d. For general/self-contained/math/science: During your last instructional unit, how often were you able to develop students’ conceptual understanding, procedural fluency, and their ability to apply math in context. ","Never, Once, Once a month","Weekly, A few times a week, Almost every day"
2014-15,Teacher,Rigorous Instruction,T6a,"6a. In your first class today, how often do students build on each other’s ideas during class discussions?","Never, Rarely, Sometimes","Often, Almost always, Always"
2014-15,Teacher,Rigorous Instruction,T6b,"6b. In your first class today, how often do students use data or text references to support their ideas?","Never, Rarely, Sometimes","Often, Almost always, Always"
2014-15,Teacher,Rigorous Instruction,T6c,"6c. In your first class today, how often do students show that they respect each other’s ideas?","Never, Rarely, Sometimes","Often, Almost always, Always"
2014-15,Teacher,Rigorous Instruction,T6d,"6d. In your first class today, how often do students provide constructive feedback to their peers/teachers?","Never, Rarely, Sometimes","Often, Almost always, Always"
2014-15,Teacher,Rigorous Instruction,T6e,"6e. In your first class today, how often do most students participate in class discussions?","Never, Rarely, Sometimes","Often, Almost always, Always"
2014-15,Teacher,Effective School Leadership,T8a,8a. The School Leadership Team (SLT) at this school makes decisions that affect the whole school. ,"Strongly disagree, Disagree, Somewhat disagree","Somewhat agree, Agree, Strongly agree"
2014-15,Teacher,Effective School Leadership,T8b,8b. The School Leadership Team (SLT) at this school provides resources to support the SLT’s priorities. ,"Strongly disagree, Disagree, Somewhat disagree","Somewhat agree, Agree, Strongly agree"
2014-15,Teacher,Effective School Leadership,T8c,8c. The School Leadership Team (SLT) at this school assesses how our school’s educational programs affect student achievement. ,"Strongly disagree, Disagree, Somewhat disagree","Somewhat agree, Agree, Strongly agree"
2014-15,Teacher,Effective School Leadership,T8d,8d. The School Leadership Team (SLT) at this school writes a high-quality Comprehensive Education Plan (CEP) for our school.,"Strongly disagree, Disagree, Somewhat disagree","Somewhat agree, Agree, Strongly agree"
2014-15,Teacher,Effective School Leadership,T9a,9a. The Principal at this school (not Assistant Principal(s)) makes clear to the staff his or her expectations for meeting instructional goals.,"Strongly disagree, Disagree, Somewhat disagree","Somewhat agree, Agree, Strongly agree"
2014-15,Teacher,Effective School Leadership,T9b,9b. The Principal at this school (not Assistant Principal(s)) communicates a clear vision for this school.,"Strongly disagree, Disagree, Somewhat disagree","Somewhat agree, Agree, Strongly agree"
2014-15,Teacher,Effective School Leadership,T9c,9c. The Principal at this school (not Assistant Principal(s)) understands how children learn.,"Strongly disagree, Disagree, Somewhat disagree","Somewhat agree, Agree, Strongly agree"
2014-15,Teacher,Effective School Leadership,T9d,9d. The Principal at this school (not Assistant Principal(s)) sets high standards for student learning.,"Strongly disagree, Disagree, Somewhat disagree","Somewhat agree, Agree, Strongly agree"
2014-15,Teacher,Effective School Leadership,T9e,9e. The Principal at this school (not Assistant Principal(s)) sets clear expectations for teachers about implementing what they have learned in professional development.,"Strongly disagree, Disagree, Somewhat disagree","Somewhat agree, Agree, Strongly agree"
2014-15,Teacher,Effective School Leadership,T9f,9f. The Principal at this school (not Assistant Principal(s)) carefully tracks student academic progress. ,"Strongly disagree, Disagree, Somewhat disagree","Somewhat agree, Agree, Strongly agree"
2014-15,Teacher,Effective School Leadership,T9g,9g. The Principal at this school (not Assistant Principal(s)) knows what’s going on in my classroom.,"Strongly disagree, Disagree, Somewhat disagree","Somewhat agree, Agree, Strongly agree"
2014-15,Teacher,Effective School Leadership,T9h,9h. The Principal at this school (not Assistant Principal(s)) participates in instructional planning with teams of teachers.,"Strongly disagree, Disagree, Somewhat disagree","Somewhat agree, Agree, Strongly agree"
2014-15,Teacher,Effective School Leadership,T10a,"10a. At this school once we start a new program (e.g. academic of extracurricular), we follow up to make sure that it’s working.","Strongly disagree, Disagree, Somewhat disagree","Somewhat agree, Agree, Strongly agree"
2014-15,Teacher,Strong Family-Community Ties,T10b,10b. At this school parents/guardians are invited to visit classrooms to observe the instructional program.,"Strongly disagree, Disagree, Somewhat disagree","Somewhat agree, Agree, Strongly agree"
2014-15,Teacher,Effective School Leadership,T10c,10c. At this school we have so many different programs (e.g. academic or extracurricular) in this school that I can’t keep track of them all.,"Somewhat agree, Agree, Strongly agree","Strongly disagree, Disagree, Somewhat disagree"
2014-15,Teacher,Strong Family-Community Ties,T10d,10d. At this school there is an expectation that teachers communicate regularly with parents/guardians.,"Strongly disagree, Disagree, Somewhat disagree","Somewhat agree, Agree, Strongly agree"
2014-15,Teacher,Effective School Leadership,T10e,10e. At this school many special programs (e.g. academic or extracurricular) come and go at this school.,"Somewhat agree, Agree, Strongly agree","Strongly disagree, Disagree, Somewhat disagree"
2014-15,Teacher,Strong Family-Community Ties,T10f,10f. At this school staff encourage feedback from parents/guardians and the community.,"Strongly disagree, Disagree, Somewhat disagree","Somewhat agree, Agree, Strongly agree"
2014-15,Teacher,Effective School Leadership,T10g,"10g. At this school curriculum, instruction, and learning materials are well coordinated across the different grade levels at this school.","Strongly disagree, Disagree, Somewhat disagree","Somewhat agree, Agree, Strongly agree"
2014-15,Teacher,Collaborative Teachers,T10h,"10h. At this school there is consistency in curriculum, instruction, and learning materials among teachers in the same grade level at this school.","Strongly disagree, Disagree, Somewhat disagree","Somewhat agree, Agree, Strongly agree"
2014-15,Teacher,Strong Family-Community Ties,T10i,10i. At this school teachers try to understand parents/guardians problems and concerns.,"Strongly disagree, Disagree, Somewhat disagree","Somewhat agree, Agree, Strongly agree"
2014-15,Teacher,Collaborative Teachers,T11a,"11a. At this school teachers talk about instruction in the teacher's lounge, faculty meetings, etc.","Strongly disagree, Disagree, Somewhat disagree","Somewhat agree, Agree, Strongly agree"
2014-15,Teacher,Strong Family-Community Ties,T11b,11b. At this school parents /guardians are greeted warmly when they call or visit the school.,"Strongly disagree, Disagree, Somewhat disagree","Somewhat agree, Agree, Strongly agree"
2014-15,Teacher,Collaborative Teachers,T11c,11c. At this school teachers share/discuss students' work with other teachers in this school.,"Strongly disagree, Disagree, Somewhat disagree","Somewhat agree, Agree, Strongly agree"
2014-15,Teacher,Strong Family-Community Ties,T11d,11d. At this school teachers work closely with families to meets students' needs.,"Strongly disagree, Disagree, Somewhat disagree","Somewhat agree, Agree, Strongly agree"
2014-15,Teacher,Collaborative Teachers,T11e,11e. At this school teachers design instructional programs together.,"Strongly disagree, Disagree, Somewhat disagree","Somewhat agree, Agree, Strongly agree"
2014-15,Teacher,Strong Family-Community Ties,T11f,11f. At this school staff communicates this schools' needs to families.,"Strongly disagree, Disagree, Somewhat disagree","Somewhat agree, Agree, Strongly agree"
2014-15,Teacher,Collaborative Teachers,T11g,11g. At this school teachers make a conscious effort to coordinate their teaching with instruction at other grade levels.,"Strongly disagree, Disagree, Somewhat disagree","Somewhat agree, Agree, Strongly agree"
2014-15,Teacher,Strong Family-Community Ties,T11h,11h. At this school staff regularly communicate with parents/guardians about how staff can help students learn.,"Strongly disagree, Disagree, Somewhat disagree","Somewhat agree, Agree, Strongly agree"
2014-15,Teacher,Collaborative Teachers,T11i,"11i. At this school the Principal, teachers, and staff collaborate to make this school run effectively.","Strongly disagree, Disagree, Somewhat disagree","Somewhat agree, Agree, Strongly agree"
2014-15,Teacher,Collaborative Teachers,T11j,11j. At this school most teachers are cordial with one another.,"Strongly disagree, Disagree, Somewhat disagree","Somewhat agree, Agree, Strongly agree"
2014-15,Teacher,Collaborative Teachers,T12a,"12a. Overall, my professional development experiences this year have been sustained and coherently focused, rather than short-term and unrelated.","Strongly disagree, Disagree, Somewhat disagree","Somewhat agree, Agree, Strongly agree"
2014-15,Teacher,Collaborative Teachers,T12b,"12b. Overall, my professional development experiences this year have included enough time to think carefully about, try, and evaluate new ideas.","Strongly disagree, Disagree, Somewhat disagree","Somewhat agree, Agree, Strongly agree"
2014-15,Teacher,Collaborative Teachers,T12c,"12c.  Overall, my professional development experiences this year have included opportunities to work productively with colleagues in my school.","Strongly disagree, Disagree, Somewhat disagree","Somewhat agree, Agree, Strongly agree"
2014-15,Teacher,Collaborative Teachers,T12d,"12d.  Overall, my professional development experiences this year have included opportunities to work productively with teachers from other schools.","Strongly disagree, Disagree, Somewhat disagree","Somewhat agree, Agree, Strongly agree"
2014-15,Teacher,Collaborative Teachers,T13a,13a.  I am able to use my student's prior knowledge related to their cultural and linguistic backgrounds to help make learning meaningful.,"Strongly disagree, Disagree, Somewhat disagree","Somewhat agree, Agree, Strongly agree"
2014-15,Teacher,Collaborative Teachers,T13b,13b.   I am able to modify instructional activities and materials to meet the developmental needs and learning interests of all my students.,"Strongly disagree, Disagree, Somewhat disagree","Somewhat agree, Agree, Strongly agree"
2014-15,Teacher,Collaborative Teachers,T13c,13c.  I am able to critically examine the curriculum to determine whether it appropriately represents many groups.,"Strongly disagree, Disagree, Somewhat disagree","Somewhat agree, Agree, Strongly agree"
2014-15,Teacher,Collaborative Teachers,T13d,13d.  I am able to design appropriate instruction that is matched to English Language Learners (ELL) proficiency and students with disabilities. ,"Strongly disagree, Disagree, Somewhat disagree","Somewhat agree, Agree, Strongly agree"
2014-15,Teacher,Collaborative Teachers,T13e,13e.  I am able to create a learning environment that reflects the various backgrounds of all of my students.,"Strongly disagree, Disagree, Somewhat disagree","Somewhat agree, Agree, Strongly agree"
2014-15,Teacher,Collaborative Teachers,T13f,13f.   I am able to identify cultural differences when communicating with parents/guardians regarding their child's educational progress.,"Strongly disagree, Disagree, Somewhat disagree","Somewhat agree, Agree, Strongly agree"
2014-15,Teacher,Collaborative Teachers,T13g,13g.  I am able to develop appropriate Individual Education Programs for my students with disabilities.,"Strongly disagree, Disagree, Somewhat disagree","Somewhat agree, Agree, Strongly agree"
2014-15,Teacher,Collaborative Teachers,T13h,13h.  I am able to distinguish linguistic/cultural differences from learning difficulties.,"Strongly disagree, Disagree, Somewhat disagree","Somewhat agree, Agree, Strongly agree"
2014-15,Teacher,Supportive Environment,T14a,14a. This school really works at developing students' social skills.,"Strongly disagree, Disagree, Somewhat disagree","Somewhat agree, Agree, Strongly agree"
2014-15,Teacher,Collaborative Teachers,T14b,14b. I usually look forward to each working day at this school.,"Strongly disagree, Disagree, Somewhat disagree","Somewhat agree, Agree, Strongly agree"
2014-15,Teacher,Effective School Leadership,T14c,"14c. When making important decisions, this school always focuses on what's best for student learning.","Strongly disagree, Disagree, Somewhat disagree","Somewhat agree, Agree, Strongly agree"
2014-15,Teacher,Trust,T14d,14d. Teachers in this school trust each other.,"Strongly disagree, Disagree, Somewhat disagree","Somewhat agree, Agree, Strongly agree"
2014-15,Teacher,Collaborative Teachers,T14e,14e.  I wouldn't want to work in any other school.,"Strongly disagree, Disagree, Somewhat disagree","Somewhat agree, Agree, Strongly agree"
2014-15,Teacher,Effective School Leadership,T14f,14f. This school has well-defined learning expectations for all students.,"Strongly disagree, Disagree, Somewhat disagree","Somewhat agree, Agree, Strongly agree"
2014-15,Teacher,Trust,T14g,"14g.  In this school, it is okay to discuss feelings, worries, and frustrations with other teachers.","Strongly disagree, Disagree, Somewhat disagree","Somewhat agree, Agree, Strongly agree"
2014-15,Teacher,Collaborative Teachers,T14h,14h.  I feel loyal to this school community.,"Strongly disagree, Disagree, Somewhat disagree","Somewhat agree, Agree, Strongly agree"
2014-15,Teacher,Rigorous Instruction,T15a,15a. This school sets high standards for academic performance.,"Strongly disagree, Disagree, Somewhat disagree","Somewhat agree, Agree, Strongly agree"
2014-15,Teacher,Trust,T15b,15b. Teachers respect other teachers who take the lead in school improvement efforts.,"Strongly disagree, Disagree, Somewhat disagree","Somewhat agree, Agree, Strongly agree"
2014-15,Teacher,Collaborative Teachers,T15c,15c.  All teachers are encouraged to stretch and grow.,"Strongly disagree, Disagree, Somewhat disagree","Somewhat agree, Agree, Strongly agree"
2014-15,Teacher,Collaborative Teachers,T15d,15d. I would recommend this school to parents/guardians seeking a place for their child.,"Strongly disagree, Disagree, Somewhat disagree","Somewhat agree, Agree, Strongly agree"
2014-15,Teacher,Rigorous Instruction,T15e,15e. The school day is organized to maximize instruction.,"Strongly disagree, Disagree, Somewhat disagree","Somewhat agree, Agree, Strongly agree"
2014-15,Teacher,Trust,T15f,15f.  I feel respected by other teachers at this school,"Strongly disagree, Disagree, Somewhat disagree","Somewhat agree, Agree, Strongly agree"
2014-15,Teacher,Collaborative Teachers,T15g,"15g.  In this school, teachers are continually learning and seeking new ideas.","Strongly disagree, Disagree, Somewhat disagree","Somewhat agree, Agree, Strongly agree"
2014-15,Teacher,Trust,T15h,15h. Teachers at this school respect those colleagues who have a specific expertise.,"Strongly disagree, Disagree, Somewhat disagree","Somewhat agree, Agree, Strongly agree"
2014-15,Teacher,Trust,T16a,16a. I feel respected by the Principal at this school.,"Strongly disagree, Disagree, Somewhat disagree","Somewhat agree, Agree, Strongly agree"
2014-15,Teacher,Trust,T16b,16b. The Principal at this school is an effective manager who makes the school run smoothly.,"Strongly disagree, Disagree, Somewhat disagree","Somewhat agree, Agree, Strongly agree"
2014-15,Teacher,Supportive Environment,T16c,"16c.  In this school, the professional staff believes that all students can learn, including English language learners and students with disabilities.","Strongly disagree, Disagree, Somewhat disagree","Somewhat agree, Agree, Strongly agree"
2014-15,Teacher,Trust,T16d,16d. The Principal has confidence in the expertise of the teachers at this school.,"Strongly disagree, Disagree, Somewhat disagree","Somewhat agree, Agree, Strongly agree"
2014-15,Teacher,Trust,T16e,16e. I feel respected by Assistant Principals at this school.,"Strongly disagree, Disagree, Somewhat disagree","Somewhat agree, Agree, Strongly agree"
2014-15,Teacher,Trust,T16f,16f. I trust the Principal at his or her word.,"Strongly disagree, Disagree, Somewhat disagree","Somewhat agree, Agree, Strongly agree"
2014-15,Teacher,Supportive Environment,T16g,"16g. At this school, students with disabilities are included in all school activities (lunch, class, trips, etc..)","Strongly disagree, Disagree, Somewhat disagree","Somewhat agree, Agree, Strongly agree"
2014-15,Teacher,Trust,T17a,"17a.  At this school, It’s OK to discuss feelings, worries, and frustrations with the Principal.","Strongly disagree, Disagree, Somewhat disagree","Somewhat agree, Agree, Strongly agree"
2014-15,Teacher,Supportive Environment,T17b,17b.  This school educates students with disabilities in the least restrictive environment appropriate.,"Strongly disagree, Disagree, Somewhat disagree","Somewhat agree, Agree, Strongly agree"
2014-15,Teacher,Trust,T17c,17c.  The Principal takes a personal interest in the professional development of teachers.,"Strongly disagree, Disagree, Somewhat disagree","Somewhat agree, Agree, Strongly agree"
2014-15,Teacher,Supportive Environment,T17d,"17d.  At this school, order and discipline are maintained.","Strongly disagree, Disagree, Somewhat disagree","Somewhat agree, Agree, Strongly agree"
2014-15,Teacher,Trust,T17e,17e.  The Principal looks out for the personal welfare of the staff members.,"Strongly disagree, Disagree, Somewhat disagree","Somewhat agree, Agree, Strongly agree"
2014-15,Teacher,Supportive Environment,T17f,17f. This school is kept clean. ,"Strongly disagree, Disagree, Somewhat disagree","Somewhat agree, Agree, Strongly agree"
2014-15,Teacher,Trust,T17g,17g. The Principal places the needs of children ahead of personal interests.,"Strongly disagree, Disagree, Somewhat disagree","Somewhat agree, Agree, Strongly agree"
2014-15,Teacher,Trust,T17h,17h. The Principal and Assistant Principals function as a cohesive unit.,"Strongly disagree, Disagree, Somewhat disagree","Somewhat agree, Agree, Strongly agree"
2014-15,Teacher,Supportive Environment,T19a,"19a. The following question is only for respondents who selected ""High (9-12)"" in question 18. Adults at this school support students in navigating the post-secondary process. ","Strongly disagree, Disagree, Somewhat disagree","Somewhat agree, Agree, Strongly agree"
2014-15,Teacher,Supportive Environment,T19b,"19b. The following question is only for respondents who selected ""High (9-12)"" in question 18.  Adults at this school teach students the perseverance skills they need to succeed after high school.","Strongly disagree, Disagree, Somewhat disagree","Somewhat agree, Agree, Strongly agree"
2014-15,Teacher,Supportive Environment,T19c,"19c. The following question is only for respondents who selected ""High (9-12)"" in question 18. Adults at this school instill academic self-confidence in students.","Strongly disagree, Disagree, Somewhat disagree","Somewhat agree, Agree, Strongly agree"
2014-15,Teacher,Supportive Environment,T19d,"19d. The following question is only for respondents who selected ""High (9-12)"" in question 18. Adults at this school help students aspiring to enter the workforce, develop a plan to reach their employment goals.  ","Strongly disagree, Disagree, Somewhat disagree","Somewhat agree, Agree, Strongly agree"
2014-15,Teacher,Supportive Environment,T19e,"19e. The following question is only for respondents who selected ""High (9-12)"" in question 18. Adults at this school teach critical thinking skills to students.  ","Strongly disagree, Disagree, Somewhat disagree","Somewhat agree, Agree, Strongly agree"
2014-15,Teacher,Supportive Environment,T19f,"19f. The following question is only for respondents who selected ""High (9-12)"" in question 18. Adults at this school provide students with information about the college enrollment process.","Strongly disagree, Disagree, Somewhat disagree","Somewhat agree, Agree, Strongly agree"
2014-15,Teacher,Supportive Environment,T19g,"19g. The following question is only for respondents who selected ""High (9-12)"" in question 18. Adults at this school inspire students to work towards a college degree.","Strongly disagree, Disagree, Somewhat disagree","Somewhat agree, Agree, Strongly agree"
2014-15,Teacher,Supportive Environment,T19h,"19h. The following question is only for respondents who selected ""High (9-12)"" in question 18. Adults at this school teach students how to advocate for themselves. ","Strongly disagree, Disagree, Somewhat disagree","Somewhat agree, Agree, Strongly agree"
2014-15,Teacher,Supportive Environment,T19i,"19i. The following question is only for respondents who selected ""High (9-12)"" in question 18. Adults at this school support students to live independently.","Strongly disagree, Disagree, Somewhat disagree","Somewhat agree, Agree, Strongly agree"
2014-15,Teacher,Supportive Environment,T26a,"19a. The following question is only for respondents who selected either ""Elementary (PreK-5)"" or ""Middle (6-8)"" in question 18. This school provides useful information to students about the application/enrollment process to middle or high school.","Strongly disagree, Disagree, Somewhat disagree","Somewhat agree, Agree, Strongly agree"
2014-15,Teacher,Supportive Environment,T26b,"19b. The following question is only for respondents who selected either ""Elementary (PreK-5)"" or ""Middle (6-8)"" in question 18. Adults at this school teach students the organizational skills needed to be prepared for their next grade.","Strongly disagree, Disagree, Somewhat disagree","Somewhat agree, Agree, Strongly agree"
2014-15,Teacher,Supportive Environment,T26c,"19c. The following question is only for respondents who selected either ""Elementary (PreK-5)"" or ""Middle (6-8)"" in question 18. This school provides guidance for the application process to middle or high school.","Strongly disagree, Disagree, Somewhat disagree","Somewhat agree, Agree, Strongly agree"
2014-15,Teacher,Supportive Environment,T26d,"19d. The following question is only for respondents who selected either ""Elementary (PreK-5)"" or ""Middle (6-8)"" in question 18. Adults at this school teach students the study skills needed to be prepared for their next grade.","Strongly disagree, Disagree, Somewhat disagree","Somewhat agree, Agree, Strongly agree"
2014-15,Teacher,Supportive Environment,T26e,"19e. The following question is only for respondents who selected either ""Elementary (PreK-5)"" or ""Middle (6-8)"" in question 18. This school educates families about the application/enrollment process for middle or high school. ","Strongly disagree, Disagree, Somewhat disagree","Somewhat agree, Agree, Strongly agree"
2014-15,Teacher,Supportive Environment,T26f,"19f. The following question is only for respondents who selected either ""Elementary (PreK-5)"" or ""Middle (6-8)"" in question 18. Adults at this school teach critical thinking skills to students.  ","Strongly disagree, Disagree, Somewhat disagree","Somewhat agree, Agree, Strongly agree"
2014-15,Teacher,Supportive Environment,T26g,"19g. The following question is only for respondents who selected either ""Elementary (PreK-5)"" or ""Middle (6-8)"" in question 18. Adults at this school instill academic self-confidence in students.","Strongly disagree, Disagree, Somewhat disagree","Somewhat agree, Agree, Strongly agree"
2014-15,Teacher,Supportive Environment,T26h,"19h. The following question is only for respondents who selected either ""Elementary (PreK-5)"" or ""Middle (6-8)"" in question 18. Adults at this school teach students how to advocate for themselves. ","Strongly disagree, Disagree, Somewhat disagree","Somewhat agree, Agree, Strongly agree"
2014-15,Teacher,Supportive Environment,T20a,"20a. The following question is only for respondents who selected ""Elementary (PreK-5)"" in question 18. My students are safe outside around this school.","Strongly disagree, Disagree, Somewhat disagree","Somewhat agree, Agree, Strongly agree"
2014-15,Teacher,Supportive Environment,T20b,"20b. The following question is only for respondents who selected ""Elementary (PreK-5)"" in question 18. My students are safe traveling between home and this school.","Strongly disagree, Disagree, Somewhat disagree","Somewhat agree, Agree, Strongly agree"
2014-15,Teacher,Supportive Environment,T20c,"20c. The following question is only for respondents who selected ""Elementary (PreK-5)"" in question 18. My students are safe in the hallways, bathrooms, locker rooms, and cafeteria of this school.","Strongly disagree, Disagree, Somewhat disagree","Somewhat agree, Agree, Strongly agree"
2014-15,Teacher,Supportive Environment,T20d,"20d. The following question is only for respondents who selected ""Elementary (PreK-5)"" in question 18. My students are safe in their class(es).","Strongly disagree, Disagree, Somewhat disagree","Somewhat agree, Agree, Strongly agree"
2014-15,Teacher,Supportive Environment,T21a,"21a. The following question is only for respondents who selected ""Elementary (PreK-5)"" in question 18. Students in this school get to know each other well in classes.","Strongly disagree, Disagree, Somewhat disagree","Somewhat agree, Agree, Strongly agree"
2014-15,Teacher,Supportive Environment,T21b,"21b. The following question is only for respondents who selected ""Elementary (PreK-5)"" in question 18. Students in this school are very interested in getting to know other students.","Strongly disagree, Disagree, Somewhat disagree","Somewhat agree, Agree, Strongly agree"
2014-15,Teacher,Supportive Environment,T21c,"21c. The following question is only for respondents who selected ""Elementary (PreK-5)"" in question 18. Students in this school enjoy doing things with each other in school activities.","Strongly disagree, Disagree, Somewhat disagree","Somewhat agree, Agree, Strongly agree"
2014-15,Teacher,Supportive Environment,T21d,"21d. The following question is only for respondents who selected ""Elementary (PreK-5)"" in question 18. Students in this school get to know each other really well.","Strongly disagree, Disagree, Somewhat disagree","Somewhat agree, Agree, Strongly agree"
2014-15,Teacher,Supportive Environment,T21e,"21e. The following question is only for respondents who selected ""Elementary (PreK-5)"" in question 18. Students in this school enjoy working together on projects in classes.","Strongly disagree, Disagree, Somewhat disagree","Somewhat agree, Agree, Strongly agree"
2014-15,Teacher,Supportive Environment,T22a,"22a. The following question is only for respondents who selected ""Elementary (PreK-5)"" in question 18. I try to help students catch up if they are behind.","Strongly disagree, Disagree, Somewhat disagree","Somewhat agree, Agree, Strongly agree"
2014-15,Teacher,Supportive Environment,T22b,"22b. The following question is only for respondents who selected ""Elementary (PreK-5)"" in question 18. I am willing to give extra help if my students need it.","Strongly disagree, Disagree, Somewhat disagree","Somewhat agree, Agree, Strongly agree"
2014-15,Teacher,Supportive Environment,T22c,"22c. The following question is only for respondents who selected ""Elementary (PreK-5)"" in question 18. I notice when my students have trouble learning something.","Strongly disagree, Disagree, Somewhat disagree","Somewhat agree, Agree, Strongly agree"
2014-15,Teacher,Supportive Environment,T22d,"22d. The following question is only for respondents who selected ""Elementary (PreK-5)"" in question 18. I give specific suggestions about how my students can improve their classwork.","Strongly disagree, Disagree, Somewhat disagree","Somewhat agree, Agree, Strongly agree"
2014-15,Teacher,Supportive Environment,T22e,"22e. The following question is only for respondents who selected ""Elementary (PreK-5)"" in question 18. I explain things in a different way if my students don’t understand something in class.","Strongly disagree, Disagree, Somewhat disagree","Somewhat agree, Agree, Strongly agree"
2014-15,Teacher,Supportive Environment,T22f,"22f. The following question is only for respondents who selected ""Elementary (PreK-5)"" in question 18. I notice when my students are upset or are having emotional difficulty. ","Strongly disagree, Disagree, Somewhat disagree","Somewhat agree, Agree, Strongly agree"
2014-15,Teacher,Supportive Environment,T23a,"23a. The following question is only for respondents who selected ""Elementary (PreK-5)"" in question 18. How often do students in your class(es) work quietly and calmly?","Never, Rarely, Sometimes","Often, Almost always, Always"
2014-15,Teacher,Rigorous Instruction,T23b,"23b. The following question is only for respondents who selected ""Elementary (PreK-5)"" in question 18. How often do students in your class(es) feel challenged?","Never, Rarely, Sometimes","Often, Almost always, Always"
2014-15,Teacher,Supportive Environment,T23c,"23c. The following question is only for respondents who selected ""Elementary (PreK-5)"" in question 18. How often do students in your class(es) listen carefully when the teacher gives directions?","Never, Rarely, Sometimes","Often, Almost always, Always"
2014-15,Teacher,Rigorous Instruction,T23d,"23d. The following question is only for respondents who selected ""Elementary (PreK-5)"" in question 18. How often do students in your class(es) have to work hard to do well?","Never, Rarely, Sometimes","Often, Almost always, Always"
2014-15,Teacher,Supportive Environment,T23e,"23e. The following question is only for respondents who selected ""Elementary (PreK-5)"" in question 18. How often do students in your class(es) follow the rules in class?","Never, Rarely, Sometimes","Often, Almost always, Always"
2014-15,Teacher,Rigorous Instruction,T23f,"23f. The following question is only for respondents who selected ""Elementary (PreK-5)"" in question 18. How often do students in your class(es) respond to challenging test questions?","Never, Rarely, Sometimes","Often, Almost always, Always"
2014-15,Teacher,Supportive Environment,T23g,"23g. The following question is only for respondents who selected ""Elementary (PreK-5)"" in question 18. How often do students in your class(es) pay attention when they are supposed to?","Never, Rarely, Sometimes","Often, Almost always, Always"
2014-15,Teacher,Rigorous Instruction,T23h,"23h. The following question is only for respondents who selected ""Elementary (PreK-5)"" in question 18. How often do students in your class(es) respond to challenging questions in class?","Never, Rarely, Sometimes","Often, Almost always, Always"
2014-15,Teacher,Supportive Environment,T23i,"23i. The following question is only for respondents who selected ""Elementary (PreK-5)"" in question 18. How often do students in your class(es) do their work when they are supposed to?","Never, Rarely, Sometimes","Often, Almost always, Always"
2014-15,Teacher,Supportive Environment,T23j,"23j. The following question is only for respondents who selected ""Elementary (PreK-5)"" in question 18. How often do students in your class(es) behave well in class even when the teacher isn't watching?","Never, Rarely, Sometimes","Often, Almost always, Always"
2014-15,Teacher,Rigorous Instruction,T24a,"24a. The following question is only for respondents who selected ""Elementary (PreK-5)"" in question 18. Students are expected to think critically.","Never, Rarely, Sometimes","Often, Almost always, Always"
2014-15,Teacher,Rigorous Instruction,T24b,"24b. The following question is only for respondents who selected ""Elementary (PreK-5)"" in question 18. Students learn a lot in this class.","Never, Rarely, Sometimes","Often, Almost always, Always"
2014-15,Teacher,Rigorous Instruction,T24c,"24c. The following question is only for respondents who selected ""Elementary (PreK-5)"" in question 18. Students are expected to work hard.","Never, Rarely, Sometimes","Often, Almost always, Always"
2014-15,Teacher,Rigorous Instruction,T24d,"24d. The following question is only for respondents who selected ""Elementary (PreK-5)"" in question 18. Students are expected to do their best all of the time.","Never, Rarely, Sometimes","Often, Almost always, Always"
2014-15,Teacher,Rigorous Instruction,T24e,"24e. The following question is only for respondents who selected ""Elementary (PreK-5)"" in question 18. Students are expected to think, not just memorize things.","Never, Rarely, Sometimes","Often, Almost always, Always"
2014-15,Teacher,Supportive Environment,T25a,"25a. The following question is only for respondents who selected ""Elementary (PreK-5)"" in question 18. How many of the students in your class(es) feel it is important to come to school every day?","None, Some, About half","Most, Nearly all, All"
2014-15,Teacher,Supportive Environment,T25b,"25b. The following question is only for respondents who selected ""Elementary (PreK-5)"" in question 18. How many of the students in your class(es) feel it is important to be engaged in class?","None, Some, About half","Most, Nearly all, All"
2014-15,Teacher,Supportive Environment,T25c,"25c. The following question is only for respondents who selected ""Elementary (PreK-5)"" in question 18. How many of the students in your class(es) think doing homework is important?","None, Some, About half","Most, Nearly all, All"
2014-15,Teacher,Supportive Environment,T25d,"25d. The following question is only for respondents who selected ""Elementary (PreK-5)"" in question 18. How many of the students in your class(es) try hard to get good grades?","None, Some, About half","Most, Nearly all, All"